{
    "66000m10301": 0.6746783734660817,
    "66000m10302": 0.5474966668111767,
    "66000m10303": 0.6205964998721827,
    "66000m10304": 0.582036231024537,
    "66000m10808": 0.5062418610049281,
    "66000m10809": 0.5065371174385981,
    "66000m10810": 0.4950790753544687,
    "66000m11901": 0.7095213818739275,
    "66000m11902": 0.8741800416921682,
    "66000m11903": 0.8766296730310458,
    "66000m11904": 0.8573823463176871,
    "66000m11905": 0.7569732287372045,
    "66000m11906": 0.9517618808695891,
    "66000m11907": 0.7386273633810991,
    "66000m11908": 0.7337736935189749,
    "66000m11909": 0.618088567251043,
    "66000m11910": 0.6350246749114328,
    "66000m11911": 0.7976673564117948,
    "66000m11912": 0.5473467893677196,
    "66000m11913": 0.49591834297520176,
    "66000m12001": 0.7804058355493051,
    "66000m12002": 0.9039568490549713,
    "66000m12003": 0.6976734623127362,
    "66000m12004": 0.8933364060125155,
    "66000m12005": 0.8557554895477567,
    "66000m12006": 0.8280149904563863,
    "66000m12007": 0.9155657132792537,
    "66000m12008": 0.7763257423335606,
    "66000m12009": 0.866537080262411,
    "66000m12010": 0.7882299449380011,
    "66000m12011": 0.7767066909120379,
    "66000m12014": 0.8149644681567683,
    "66000m12015": 0.8515292680916333,
    "66000m17107": 0.7014606731486752,
    "66000m17108": 0.7561865569908444,
    "66000m1BV01": 0.7316684088118408,
    "66000m1BV02": 0.5306231884070692,
    "66000m1BV03": 0.7697213130312208,
    "66000m1BV04": 0.6159665590552061,
    "66000m1BV05": 0.597689661134803,
    "66000m1BV06": 0.8131579611421864,
    "66000m1BV07": 0.8465924235165967,
    "66000m1CV11": 0.7263615823844509,
    "66000m1CV12": 0.813423290468025,
    "66000m1CV13": 0.7131687347588593,
    "66000m1CV14": 0.6164721717918711,
    "66000m1CV15": 0.3109937374123456,
    "66000m1CV16": 0.32491608259431715,
    "66000m1CV17": 0.2515496267110061,
    "66000m1GH03": 0.961905218125354,
    "66000m1GH04": 0.9887819214873532,
    "66000m1HD12": 0.9799551403772869,
    "66000m1JN01": 0.992248817577522,
    "66000m1JN03": 0.829159829318588,
    "66000m1JN04": 0.9705726914527517,
    "66000m1JN05": 0.8224368802909983,
    "66000m1JN36": 0.978687076349333,
    "66000m1JN37": 0.9898321892235157,
    "66000m1JN38": 0.9543334938776984,
    "66000m1JN39": 0.943659343636351,
    "66000m1JN40": 0.9464844190442686,
    "66000m1JN51": 0.9827426149372134,
    "66000m1JN52": 0.964584801927296,
    "66000m1MH01": 0.9803419905263403,
    "66000m1N201": 0.7285027263783235,
    "66000m1N202": 0.7185700069982779,
    "66000m1N203": 0.9655283587152654,
    "66000m1N204": 0.8606915702959923,
    "66000m1N205": 0.8251652740782394,
    "66000m1NP03": 0.8773296522190019,
    "66000m1NP04": 0.9529728544100065,
    "66000m1NP05": 0.877217502899781,
    "66000m20301": 0.589216449879272,
    "66000m20302": 0.653279809908135,
    "66000m20303": 0.6841773699180818,
    "66000m20304": 0.2943061879583706,
    "66000m20808": 0.8168344471152449,
    "66000m20809": 0.8387872378471605,
    "66000m20810": 0.8364373755688149,
    "66000m21902": 0.9556250750239975,
    "66000m21904": 0.8155161780289606,
    "66000m21905": 0.8522142347303063,
    "66000m21906": 0.8898758887900646,
    "66000m21907": 0.8005308278897457,
    "66000m21908": 0.5710226524051126,
    "66000m21909": 0.6616913389071407,
    "66000m21910": 0.7174614040522261,
    "66000m21911": 0.7611533544513525,
    "66000m21912": 0.7857518401134804,
    "66000m21913": 0.7433628329994661,
    "66000m22001": 0.9039037232870031,
    "66000m22002": 0.9329758733085162,
    "66000m22003": 0.8018084367752141,
    "66000m22004": 0.9597501335041887,
    "66000m22005": 0.8798777668392449,
    "66000m22006": 0.8299630584125219,
    "66000m22007": 0.7818536409908456,
    "66000m22008": 0.9159173154455598,
    "66000m22009": 0.7757920743433243,
    "66000m22010": 0.849299285555096,
    "66000m22011": 0.8577499323472844,
    "66000m22014": 0.7319888886448889,
    "66000m27107": 0.6509475825181756,
    "66000m27108": 0.7591248516604094,
    "66000m2BV01": 0.7868789385119251,
    "66000m2BV02": 0.6739975287174458,
    "66000m2BV03": 0.5908188083079204,
    "66000m2BV04": 0.6503802688026674,
    "66000m2BV05": 0.6795232539299325,
    "66000m2BV06": 0.7710190134733808,
    "66000m2BV07": 0.6669838491700786,
    "66000m2CV11": 0.5454117846431296,
    "66000m2CV12": 0.6663230673880556,
    "66000m2CV13": 0.5828638788104988,
    "66000m2CV14": 0.8011078024796252,
    "66000m2CV15": 0.5375160066647999,
    "66000m2CV16": 0.5084791189879176,
    "66000m2CV17": 0.5571680238146515,
    "66000m2GH03": 0.9846316270627086,
    "66000m2JN01": 0.9949431866670226,
    "66000m2JN03": 0.8995674183458675,
    "66000m2JN05": 0.9549615773068587,
    "66000m2JN36": 0.9483131206130146,
    "66000m2JN37": 0.9722241055511005,
    "66000m2JN38": 0.9030802761610398,
    "66000m2JN39": 0.9618028957023711,
    "66000m2JN40": 0.9508383636444717,
    "66000m2JN51": 0.9625213751579897,
    "66000m2JN52": 0.8876227336195954,
    "66000m2JN53": 0.9911527771234747,
    "66000m2JO11": 0.8549806949807005,
    "66000m2MH01": 0.9655288347914359,
    "66000m2N201": 0.8708768972225731,
    "66000m2N202": 0.8389950316828447,
    "66000m2N203": 0.8804025316242045,
    "66000m2N204": 0.9334794026540454,
    "66000m2N205": 0.9149489224533774,
    "66000m2NP03": 0.8944697707322532,
    "66000m2NP04": 0.9544840413236328,
    "66000m2NP05": 0.888800422654851,
    "66000m30213": 0.6619830288641878,
    "66000m30214": 0.46708250539726537,
    "66000m30215": 0.618638309506408,
    "66000m30216": 0.6027028141154482,
    "66000m30217": 0.4020786181416398,
    "66000m30218": 0.27896609076025325,
    "66000m30219": 0.49011067185391766,
    "66000m30220": 0.3562547381282679,
    "66000m30221": 0.4626010813377085,
    "66000m30222": 0.6630777053226924,
    "66000m30223": 0.5597226640378734,
    "66000m30224": 0.48095295443129094,
    "66000m30901": 0.8126126646311542,
    "66000m30902": 0.8824226554451127,
    "66000m30903": 0.7388713925626142,
    "66000m30904": 0.7953607353426642,
    "66000m30905": 0.837354549682416,
    "66000m30906": 0.67312475151224,
    "66000m30907": 0.5285210005293474,
    "66000m30908": 0.7555556468337707,
    "66000m30909": 0.5622038239302789,
    "66000m30910": 0.6166280757040457,
    "66000m30911": 0.6628443380353819,
    "66000m30912": 0.7266467178774736,
    "66000m30913": 0.57045962429606,
    "66000m30914": 0.8891768227773347,
    "66000m30915": 0.8288349953028714,
    "66000m30917": 0.7326864819710621,
    "66000m30918": 0.7832924596611683,
    "66000m30919": 0.7768518078491784,
    "66000m36717": 0.6792731915992815,
    "66000m36718": 0.6836283517371593,
    "66000m36719": 0.6576743765928165,
    "66000m36720": 0.7335547186118718,
    "66000m36721": 0.6907944184981023,
    "66000m36722": 0.6949245778880481,
    "66000m36723": 0.8303697940672614,
    "66000m36724": 0.8671916830978974,
    "66000m36725": 0.8644926044115202,
    "66000m36726": 0.7887354508123315,
    "66000m36727": 0.9412201932345344,
    "66000m36728": 0.9643382022368717,
    "66000m3BQ01": 0.7049514551988851,
    "66000m3BQ02": 0.63699302243226,
    "66000m3BQ03": 0.813998545340795,
    "66000m3BQ04": 0.7533368757076824,
    "66000m3BQ05": 0.6951062447336986,
    "66000m3BQ06": 0.6438524267879477,
    "66000m3BQ07": 0.6829174012434047,
    "66000m3BQ08": 0.5719747503072701,
    "66000m3BQ09": 0.6918670669954037,
    "66000m3BQ10": 0.649892729666137,
    "66000m3BQ11": 0.8943473785662872,
    "66000m3BQ12": 0.7428304936097039,
    "66000m3BQ13": 0.5699900766461288,
    "66000m3BR09": 0.6169673481522253,
    "66000m3BR10": 0.799471149288932,
    "66000m3BR11": 0.8324158457565044,
    "66000m3BR12": 0.5306845926056717,
    "66000m3BR13": 0.7373514743667735,
    "66000m3BR14": 0.5759416671440207,
    "66000m3BR15": 0.5271117681417619,
    "66000m3BR16": 0.5882569538435862,
    "66000m3BR17": 0.652452215380998,
    "66000m3BR18": 0.48306727113052106,